Place,WeightClassKg,Division,Name,BirthYear,BodyweightKg,Country,Best3BenchKg,TotalKg,Event,Equipment,Sex,_meet_name,_meet_date,Squat1Kg,Squat2Kg,Squat3Kg,Best3SquatKg,Bench1Kg,Bench2Kg,Bench3Kg,Deadlift1Kg,Deadlift2Kg,Deadlift3Kg,Best3DeadliftKg,BirthDate,Team,Age,Tested
2,75,Open,Gerhard Leierzopf,1961,72.6,Austria,140,140,B,Raw,M,World Disabled Bench Press Championships,2000-12-08,,,,,,,,,,,,,,,
26,93,Open,Alexander Taschner,1989,92.85,Austria,167.5,677.5,SBD,Raw,M,World Classic Powerlifting Championships,2019-06-04,210,220,227.5,227.5,157.5,162.5,167.5,272.5,282.5,-292.5,282.5,,,,
10,105,Open,Vinzenz Helmreich,1990,103.5,Austria,175,780,SBD,Raw,M,World Classic Powerlifting Championships,2019-06-04,265,277.5,285,285,162.5,170,175,295,320,-330,320,,,,
11,120,Open,Michael Leitner,1994,118.45,Austria,185,790,SBD,Raw,M,World Classic Powerlifting Championships,2019-06-04,265,277.5,282.5,282.5,185,-190,-190,305,322.5,-342.5,322.5,,,,
11,74,Juniors,Klaus Kaufmann,1996,73,Austria,140,580,SBD,Raw,M,World Classic Powerlifting Championships,2019-06-04,202.5,212.5,-215,212.5,-130,135,140,227.5,-235,-235,227.5,,,,
13,83,Juniors,Manuel Weberndorfer,1998,81.45,Austria,127.5,570,SBD,Raw,M,World Classic Powerlifting Championships,2019-06-04,195,207.5,215,215,117.5,125,127.5,210,222.5,227.5,227.5,,,,
11,93,Juniors,Paul Egger,1998,92,Austria,137.5,690,SBD,Raw,M,World Classic Powerlifting Championships,2019-06-04,235,247.5,-257.5,247.5,132.5,137.5,-140,280,295,305,305,,,,
8,120,Juniors,Jan Gebesmair,1996,119.65,Austria,167.5,712.5,SBD,Raw,M,World Classic Powerlifting Championships,2019-06-04,240,-247.5,-247.5,240,162.5,165,167.5,-305,305,-325,305,,,,
13,74,Masters 1,Christian Wenka,1977,73.95,Austria,112.5,537.5,SBD,Raw,M,World Classic Powerlifting Championships,2019-06-04,172.5,185,190,190,107.5,112.5,-117.5,-222.5,222.5,235,235,,,,
7,93,Masters 3,Wolfgang Reitter,1959,90.8,Austria,110,447.5,SBD,Raw,M,World Classic Powerlifting Championships,2019-06-04,147.5,152.5,162.5,162.5,105,110,-112.5,160,175,-180,175,,,,
9,52,Open,Barbara Gapp,1981,51.55,Austria,60,355,SBD,Raw,F,World Classic Powerlifting Championships,2019-06-04,105,110,-112.5,110,55,-60,60,172.5,180,185,185,,,,
9,57,Masters 1,Courtney Evors,1979,55.9,Germany,57.5,305,SBD,Raw,F,World Classic Powerlifting Championships,2019-06-04,110,115,-120,115,57.5,-60,-60,127.5,132.5,-135,132.5,,,,
2,75,Open,Gerhard Leierzopf,1961,73.2,Austria,135,135,B,Raw,M,World Disabled Bench Press Championships,1999-12-09,,,,,135,-145,-147.5,,,,,,,,
13,69,Juniors,Kornelia Brunnhofer,2000,66.78,Austria,77.5,410,SBD,Raw,F,World Junior and Sub-Junior Classic Championships,2023-08-27,130,140,147.5,147.5,72.5,77.5,-80,170,182.5,185,185,,,,
1,105,Sub-Juniors,Hamza Demir,2005,104.9,Austria,205,836.5,SBD,Raw,M,World Junior and Sub-Junior Classic Championships,2023-08-27,275,301,-310.5,301,195,205,-214.5,315,330.5,-357.5,330.5,,,,
3,120+,Juniors,Phillip Nikolic,2004,148.5,Austria,222.5,867.5,SBD,Raw,M,World Sub-Junior and Junior Powerlifting Championships,2026-08-18,305,325,-335,325,205,215,222.5,287.5,307.5,320,320,,,,
12,52,Open,Jelena Bijelic,1992,51.83,Austria,95,417.5,SBD,Raw,F,World Classic Powerlifting Championships,2025-06-08,137.5,145,-150,145,-95,95,-100,170,177.5,-182.5,177.5,,,,
11,69,Open,Raphaela Jungmann,1987,68.53,Austria,110,492.5,SBD,Raw,F,World Classic Powerlifting Championships,2025-06-08,170,180,-185,180,-105,105,110,185,195,202.5,202.5,,,,
7,66,Open,Joel Christopher Catena,1996,65.41,Austria,162.5,657.5,SBD,Raw,M,World Classic Powerlifting Championships,2025-06-08,220,232.5,240,240,155,162.5,-167.5,242.5,255,-262.5,255,,,,
15,74,Open,Alain Jost,1997,73.77,Switzerland,157.5,645,SBD,Raw,M,World Classic Powerlifting Championships,2025-06-08,210,225,232.5,232.5,152.5,157.5,-160,255,-275,-275,255,,,,
DQ,93,Open,Thomas Jost #1,1992,92.86,Austria,200,,SBD,Raw,M,World Classic Powerlifting Championships,2025-06-08,-260,-270,-270,,190,200,-202.5,285,305,-315,305,,,,
32,93,Open,Andreas Polednak,1989,91.8,Austria,165,715,SBD,Raw,M,World Classic Powerlifting Championships,2023-06-11,-230,230,245,245,155,160,165,285,305,-322.5,305,,Austria,,
22,83,Open,Michael Wimmesberger,1992,82.6,Austria,152.5,685,SBD,Raw,M,World Classic Powerlifting Championships,2023-06-11,235,245,252.5,252.5,152.5,-157.5,-157.5,260,280,-295,280,,Austria,,
13,93,Open,Thomas Jost #1,1992,92.7,Austria,187.5,785,SBD,Raw,M,World Classic Powerlifting Championships,2023-06-11,260,275,282.5,282.5,175,182.5,187.5,287.5,302.5,315,315,,Austria,,
15,120,Open,Michael Leitner,1994,115.8,Austria,195,820,SBD,Raw,M,World Classic Powerlifting Championships,2023-06-11,272.5,287.5,-297.5,287.5,185,195,-202.5,302.5,325,337.5,337.5,,Austria,,
7,66,Open,Joel Christopher Catena,1996,65.8,Austria,150,632.5,SBD,Raw,M,World Classic Powerlifting Championships,2023-06-11,207.5,220,227.5,227.5,150,-155,-155,230,245,255,255,,Austria,,
17,83,Open,Michael Pühringer,1997,82.5,Austria,182.5,722.5,SBD,Raw,M,World Classic Powerlifting Championships,2023-06-11,242.5,252.5,260,260,172.5,177.5,182.5,260,270,280,280,,Austria,,
18,74,Open,Alain Jost,1997,71.7,Switzerland,147.5,642.5,SBD,Raw,M,World Classic Powerlifting Championships,2023-06-11,195,210,220,220,140,147.5,-152.5,262.5,-275,275,275,,Switzerland,,
21,105,Open,Paul Egger,1998,102.8,Austria,162.5,785,SBD,Raw,M,World Classic Powerlifting Championships,2023-06-11,260,275,282.5,282.5,150,157.5,162.5,300,320,340,340,,Austria,,
10,120+,Open,Alexander Renner,1999,147.7,Austria,230,900,SBD,Raw,M,World Classic Powerlifting Championships,2023-06-11,285,305,310,310,215,225,230,310,345,360,360,,Austria,,
8,63,Open,Pantea Supanetz,1990,62.9,Austria,107.5,457.5,SBD,Raw,F,World Classic Powerlifting Championships,2023-06-11,157.5,-167.5,167.5,167.5,100,105,107.5,182.5,-195,-200,182.5,,Austria,,
10,52,Open,Jelena Bijelic,1992,51.85,Austria,85,395,SBD,Raw,F,World Classic Powerlifting Championships,2023-06-11,122.5,130,135,135,80,85,-90,165,175,-180,175,,Austria,,
16,76,Open,Christina Eggel,1993,75.5,Austria,95,480,SBD,Raw,F,World Classic Powerlifting Championships,2023-06-11,165,172.5,177.5,177.5,87.5,92.5,95,195,207.5,-212.5,207.5,,Austria,,
9,84+,Open,Stefanie Gierlinger,1994,121.35,Austria,112.5,527.5,SBD,Raw,F,World Classic Powerlifting Championships,2023-06-11,187.5,197.5,205,205,105,-112.5,112.5,200,210,-220,210,,Austria,,
2,83,Open,Jürgen Kraushofer,1993,82.3,Austria,207.5,207.5,B,Raw,M,World Classic & Equipped Bench Press Championships,2023-05-20,,,,,200,-207.5,207.5,,,,,,,30,
8,93,Open,Matthias David Pitscheider,2001,87.95,Austria,202.5,202.5,B,Raw,M,World Classic & Equipped Bench Press Championships,2026-05-23,,,,,202.5,-212.5,-212.5,,,,,,,,
11,93,Open,Lukas Kreuzer,1999,91.87,Austria,195,195,B,Raw,M,World Classic & Equipped Bench Press Championships,2026-05-23,,,,,195,-205,-225,,,,,,,,
5,63,Open,Sonja Ruess,1998,62.6,Austria,115,115,B,Raw,F,World Classic & Equipped Bench Press Championships,2026-05-23,,,,,107.5,112.5,115,,,,,,,,
3,83,Juniors,Niklas Hutterer,2007,81.47,Austria,195,195,B,Raw,M,World Classic & Equipped Bench Press Championships,2026-05-23,,,,,185,192.5,195,,,,,,,,
3,93,Juniors,Jakob Grandl,2005,92.19,Austria,202.5,202.5,B,Raw,M,World Classic & Equipped Bench Press Championships,2026-05-23,,,,,192.5,-200,202.5,,,,,,,,
3,120+,Juniors,Phillip Nikolic,2004,146.38,Austria,222.5,222.5,B,Raw,M,World Classic & Equipped Bench Press Championships,2026-05-23,,,,,207.5,-220,222.5,,,,,,,,
8,76,Juniors,Desiree Schöpf,2003,71.8,Austria,107.5,107.5,B,Raw,F,World Classic & Equipped Bench Press Championships,2026-05-23,,,,,97.5,102.5,107.5,,,,,,,,
4,120,Masters 1,Christian Klotz,1977,108.25,Austria,215,215,B,Raw,M,World Classic & Equipped Bench Press Championships,2026-05-23,,,,,192.5,205,215,,,,,,,,
4,57,Masters 2,Ingrid Walter,1970,55.17,Austria,70,70,B,Raw,F,World Classic & Equipped Bench Press Championships,2026-05-23,,,,,-67.5,67.5,70,,,,,,,,
1,84,Masters 2,Jana Kroiss,1975,81.06,Austria,102.5,102.5,B,Raw,F,World Classic & Equipped Bench Press Championships,2026-05-23,,,,,95,97.5,102.5,,,,,,,,
1,120+,Masters 3,Siegfried Steinmeir,1964,130.29,Austria,202.5,202.5,B,Raw,M,World Classic & Equipped Bench Press Championships,2026-05-23,,,,,192.5,-202.5,202.5,,,,,,,,
1,52,Masters 4,Dagmar Wang,1948,50.51,Austria,57.5,57.5,B,Raw,F,World Classic & Equipped Bench Press Championships,2026-05-23,,,,,52.5,55,57.5,,,,,,,,
2,105,Masters 1,Rene Brunner,1976,103.6,Austria,195,772.5,SBD,Raw,M,World Classic Powerlifting Championships,2016-06-19,280,292.5,297.5,297.5,185,195,-202.5,260,272.5,280,280,,,,
17,74,Open,Sven Sigrist,1988,72.97,Switzerland,132.5,542.5,SBD,Raw,M,World Classic Powerlifting Championships,2018-06-06,187.5,200,210,210,125,132.5,-140,180,200,-225,200,,,,
12,120,Open,Michael Leitner,1994,118.28,Austria,175,772.5,SBD,Raw,M,World Classic Powerlifting Championships,2018-06-06,260,277.5,-282.5,277.5,170,-175,175,290,315,320,320,,,,
17,120,Open,Alexander Pürzel,1983,118.3,Austria,180,635,SBD,Raw,M,World Classic Powerlifting Championships,2018-06-06,125,140,155,155,175,180,-182.5,250,275,300,300,,,,
5,83,Juniors,René Hofer,1997,82.15,Austria,137.5,665,SBD,Raw,M,World Classic Powerlifting Championships,2018-06-06,215,225,235,235,-130,130,137.5,277.5,292.5,-300,292.5,,,,
14,52,Open,Catherine Lekić,1982,50.57,Austria,60,300,SBD,Raw,F,World Classic Powerlifting Championships,2018-06-06,95,100,102.5,102.5,52.5,57.5,60,122.5,132.5,137.5,137.5,,,,
14,57,Open,Martina Lang,1988,56.67,Austria,82.5,355,SBD,Raw,F,World Classic Powerlifting Championships,2018-06-06,125,-130,130,130,75,80,82.5,132.5,137.5,142.5,142.5,,,,
7,63,Open,Lara Lichtnecker,1992,61.82,Austria,85,422.5,SBD,Raw,F,World Classic Powerlifting Championships,2018-06-06,145,152.5,157.5,157.5,85,-90,-90,170,180,-187.5,180,,,,
5,63,Sub-Juniors,Viktoria Kotschwar,2001,62.22,Austria,60,312.5,SBD,Raw,F,World Classic Powerlifting Championships,2018-06-06,102.5,107.5,-112.5,107.5,60,-65,-65,130,137.5,145,145,,,,
4,63,Open,Pantea Supanetz,1990,62.8,Austria,110,110,B,Raw,F,World Bench Press Championships,2024-05-22,,,,,105,110,-112.5,,,,,,,,
8,105,Masters 2,Thomas Wetzstein,1974,96.1,Austria,165,165,B,Raw,M,World Bench Press Championships,2024-05-22,,,,,165,-175,-182.5,,,,,,,,
4,83,Open,Jürgen Kraushofer,1993,81.9,Austria,205,205,B,Raw,M,World Bench Press Championships,2024-05-22,,,,,-205,205,-212.5,,,,,,,,
4,93,Sub-Juniors,Dominik Fischer #2,2003,91.79,Austria,150,640,SBD,Raw,M,World Classic Powerlifting Championships,2021-09-23,-212.5,212.5,222.5,222.5,137.5,145,150,242.5,257.5,267.5,267.5,,,,
16,74,Juniors,Raffael Schnell,2002,73.68,Austria,137.5,587.5,SBD,Raw,M,World Classic Powerlifting Championships,2021-09-23,195,-205,205,205,127.5,132.5,137.5,230,-242.5,245,245,,,,
6,93,Juniors,Paul Egger,1998,92.35,Austria,150,747.5,SBD,Raw,M,World Classic Powerlifting Championships,2021-09-23,255,265,272.5,272.5,145,150,-152.5,302.5,322.5,325,325,,,,
3,120,Juniors,Ludwig Bachner,1998,112.96,Austria,172.5,775,SBD,Raw,M,World Classic Powerlifting Championships,2021-09-23,270,282.5,290,290,167.5,172.5,-175,290,312.5,-322.5,312.5,,,,
2,105,Masters 1,Rene Brunner,1976,104.29,Austria,187.5,782.5,SBD,Raw,M,World Classic Powerlifting Championships,2021-09-23,290,305,-315,305,175,182.5,187.5,275,290,-302.5,290,,,,
12,74,Open,Jan Simo,1987,73.76,Austria,125,602.5,SBD,Raw,M,World Classic Powerlifting Championships,2021-09-23,210,220,225,225,120,-125,125,252.5,-262.5,-267.5,252.5,,,,
8,93,Open,René Hofer,1997,92.02,Austria,165,765,SBD,Raw,M,World Classic Powerlifting Championships,2021-09-23,260,272.5,282.5,282.5,160,165,-170,300,317.5,-330,317.5,,,,
9,105,Open,Vinzenz Helmreich,1990,104.8,Austria,170,772.5,SBD,Raw,M,World Classic Powerlifting Championships,2021-09-23,270,282.5,-290,282.5,162.5,170,-175,295,320,-332.5,320,,,,
10,63,Juniors,Sophia Pilwax,1999,61.78,Austria,85,412.5,SBD,Raw,F,World Classic Powerlifting Championships,2021-09-23,137.5,142.5,145,145,77.5,82.5,85,167.5,175,182.5,182.5,,,,
6,52,Open,Barbara Gapp,1981,51.86,Austria,67.5,380,SBD,Raw,F,World Classic Powerlifting Championships,2021-09-23,110,117.5,122.5,122.5,60,65,67.5,175,190,-198,190,,,,
13,76,Open,Bianca Sullivan,1986,74.84,Austria,102.5,432.5,SBD,Raw,F,World Classic Powerlifting Championships,2021-09-23,150,-155,-155,150,97.5,102.5,-107.5,162.5,170,180,180,,,,
1,67.5,Open,Gerhard Leierzopf,1961,66.6,Austria,142.5,142.5,B,Raw,M,World Disabled Bench Press Championships,1996-12-01,,,,,,,,,,,,,,,
10,83,Juniors,Lukas Kreuzer,1999,81.55,Austria,180,682.5,SBD,Raw,M,World Junior Classic Powerlifting Championships,2022-08-31,225,235,240,240,170,180,-187.5,240,252.5,262.5,262.5,,,,
4,120+,Juniors,Alexander Renner,1999,142.5,Austria,220,845,SBD,Raw,M,World Junior Classic Powerlifting Championships,2022-08-31,270,290,-305,290,205,215,220,302.5,335,-342.5,335,,,,
9,69,Juniors,Sophia Pilwax,1999,64.5,Austria,92.5,432.5,SBD,Raw,F,World Junior Classic Powerlifting Championships,2022-08-31,140,147.5,155,155,87.5,92.5,-97.5,175,-185,185,185,,,,
8,120+,Masters 2,Harald Winter,1973,149.36,Austria,125,125,B,Raw,M,World Classic & Equipped Bench Press Championships,2025-05-18,,,,,115,125,-137.5,,,,,,,,
3,105,Masters 1,Christian Klotz,1977,104.64,Austria,210,210,B,Raw,M,World Classic & Equipped Bench Press Championships,2025-05-18,,,,,195,202.5,210,,,,,,,,
13,120,Open,Noel Gubler,1996,119.29,Austria,210,210,B,Raw,M,World Classic & Equipped Bench Press Championships,2025-05-18,,,,,205,210,-215,,,,,,,,
6,120,Juniors,Philipp Lehner,2003,115.35,Austria,202.5,202.5,B,Raw,M,World Classic & Equipped Bench Press Championships,2025-05-18,,,,,195,202.5,-210,,,,,,,,
2,120+,Juniors,Phillip Nikolic,2004,146.43,Austria,222.5,222.5,B,Raw,M,World Classic & Equipped Bench Press Championships,2025-05-18,,,,,202.5,215,222.5,,,,,,,,
3,93,Juniors,Jakob Grandl,2005,91.36,Austria,200,200,B,Raw,M,World Classic & Equipped Bench Press Championships,2025-05-18,,,,,190,195,200,,,,,,,,
7,63,Open,Sonja Ruess,1998,62.19,Austria,107.5,107.5,B,Raw,F,World Classic & Equipped Bench Press Championships,2025-05-18,,,,,107.5,-112.5,-112.5,,,,,,,,
7,69,Juniors,Desiree Schöpf,2003,68.69,Austria,97.5,97.5,B,Raw,F,World Classic & Equipped Bench Press Championships,2025-05-18,,,,,-90,92.5,97.5,,,,,,,,
20,74,Open,Sven Sigrist,1988,73.41,Switzerland,132.5,600,SBD,Raw,M,World Classic Powerlifting Championships,2017-06-14,185,200,207.5,207.5,125,132.5,-140,225,245,260,260,,,,
15,83,Juniors,Filip Filipovic,1994,82.51,Austria,162.5,612.5,SBD,Raw,M,World Classic Powerlifting Championships,2017-06-14,197.5,217.5,225,225,147.5,157.5,162.5,-225,-225,225,225,,,,
9,93,Juniors,Matthias Wallner,1994,91.71,Austria,175,687.5,SBD,Raw,M,World Classic Powerlifting Championships,2017-06-14,225,235,242.5,242.5,170,175,-180,250,270,-280,270,,,,
9,105,Juniors,Lucas Hügerich,1994,103.1,Germany,172.5,717.5,SBD,Raw,M,World Classic Powerlifting Championships,2017-06-14,245,260,275,275,162.5,167.5,172.5,250,270,-290,270,,,,
11,74,Masters 1,Christian Wenka,1977,72.84,Austria,112.5,515,SBD,Raw,M,World Classic Powerlifting Championships,2017-06-14,165,175,180,180,105,110,112.5,215,222.5,-227.5,222.5,,,,
4,93,Masters 1,Christian Klotz,1977,91.44,Austria,192.5,685,SBD,Raw,M,World Classic Powerlifting Championships,2017-06-14,215,225,232.5,232.5,187.5,192.5,-197.5,240,255,260,260,,,,
4,120+,Masters 2,Bernd Kerschbaumer,1965,131.67,Austria,170,650,SBD,Raw,M,World Classic Powerlifting Championships,2017-06-14,220,-240,-240,220,-160,160,170,240,260,-277.5,260,,,,
12,57,Open,Magdalena Tanzer,1979,56.16,Austria,65,300,SBD,Raw,F,World Classic Powerlifting Championships,2017-06-14,95,102.5,-107.5,102.5,60,65,-67.5,122.5,132.5,-142.5,132.5,,,,
4,93,Masters 1,Thomas Wetzstein,1974,92.8,Austria,185.0,185,B,Raw,M,World Bench Press Championships,2021-10-22,,,,,177.5,185,-187.5,,,,,,,,
2,83,Masters 2,Michael Wegerer,1970,81.8,Austria,142.5,142.5,B,Raw,M,World Bench Press Championships,2021-10-22,,,,,137.5,142.5,-160,,,,,,,,
3,63,Open,Pantea Supanetz,1990,62.9,Austria,105.0,105,B,Raw,F,World Bench Press Championships,2021-10-22,,,,,105,-107.5,-107.5,,,,,,,,
2,57,Juniors,Anja Adelmann,1998,56.6,Austria,102.5,102.5,B,Raw,F,World Bench Press Championships,2021-10-22,,,,,97.5,102.5,-107.5,,,,,,,,
6,120,Open,Franz Leberwurst,1969,115.7,Austria,180,770,SBD,Raw,M,World Classic Powerlifting Cup,2012-06-12,-290,290,-302.5,290,172.5,177.5,180,290,300,-305,300,,,,
6,,Juniors,Desiree Schöpf,2003,70.25,Austria,90,90,B,Raw,F,Euro Muscle Show,2024-07-13,,,,,90,-95,-95,,,,,,,,
15,105,Open,Michael Schrems,1984,102.55,Austria,185,670,SBD,Raw,M,World Classic Powerlifting Championships,2013-06-11,225,-232.5,-232.5,225,175,182.5,185,255,260,-270,260,,,,
14,120,Open,Alexander Pürzel,1983,117.85,Austria,175,717.5,SBD,Raw,M,World Classic Powerlifting Championships,2013-06-11,230,-242.5,242.5,242.5,170,175,-180,282.5,-300,300,300,,,,
4,120,Open,Markus Karner,1970,118.7,Austria,225,225,B,Raw,M,World Classic Bench Press Championships,2016-05-15,,,,,225,-232.5,-232.5,,,,,,,,
12,105,Open,Michael Schrems,1984,104.25,Austria,200,710,SBD,Raw,M,World Classic Powerlifting Championships,2014-06-01,235,242.5,245,245,187.5,195,200,265,-282.5,-282.5,265,,,,
10,120,Open,Alexander Pürzel,1983,117,Austria,175,722.5,SBD,Raw,M,World Classic Powerlifting Championships,2014-06-01,240,-247.5,247.5,247.5,170,175,-177.5,300,-317.5,-317.5,300,,,,
2,67.5,Open,Gerhard Leierzopf,1961,66.7,Austria,120,120,B,Raw,M,World Disabled Bench Press Championships,1998-12-11,,,,,-120,-120,120,,,,,,,,
5,74,Masters 1,Johannes Schober,1985,73.1,Austria,130,570,SBD,Raw,M,World Classic & Equipped Masters Powerlifting Championships,2025-10-10,185,195,205,205,120,125,130,220,235,-245,235,,,,
6,74,Masters 1,Rene Lieb,1978,73.3,Austria,135,565,SBD,Raw,M,World Classic & Equipped Masters Powerlifting Championships,2025-10-10,192.5,205,210,210,125,132.5,135,205,220,-230,220,,,,
7,74,Open,Jürgen Kraushofer,1993,73.61,Austria,162.5,162.5,B,Raw,M,World Classic Bench Press Championships,2018-05-14,,,,,155,162.5,-170,,,,,,,,
4,120,Open,Markus Karner,1970,118.79,Austria,225,225,B,Raw,M,World Classic Bench Press Championships,2018-05-14,,,,,-225,225,-235,,,,,,,,
8,72,Juniors,Dakota Reich,1998,68.21,Austria,85,85,B,Raw,F,World Classic Bench Press Championships,2018-05-14,,,,,80,85,-90,,,,,,,,
13,120,Open,Michael Schrems,1984,118.28,Austria,207.5,752.5,SBD,Raw,M,World Classic Powerlifting Championships,2015-06-05,255,270,275,275,200,207.5,-210,270,-295,,270,,,,
1,120+,Open,Alexander Renner,1999,150.5,Austria,243.5,943,SBD,Raw,M,FISU World University Powerlifting Championships,2024-07-23,300,325,332.5,332.5,230.5,243.5,-252,325,354,367,367,,,,
9,66,Open,Joel Christopher Catena,1996,65.45,Spain,160,650,SBD,Raw,M,World Classic Powerlifting Championships,2026-06-13,217.5,232.5,237.5,237.5,152.5,160,-165,235,252.5,-265,252.5,,,,Yes
8,83,Open,Jürgen Kraushofer,1993,78.76,Austria,175,175,B,Raw,M,World Bench Press Championships,2019-05-18,,,,,175,-185,-185,,,,,,,,
11,66,Open,Joel Christopher Catena,1996,64.9,Austria,145,595,SBD,Raw,M,World Classic Powerlifting Championships,2022-06-06,185,195,205,205,132.5,140,145,227.5,237.5,245,245,,,,
16,93,Open,René Hofer,1997,92.25,Austria,167.5,767.5,SBD,Raw,M,World Classic Powerlifting Championships,2022-06-06,265,280,-285,280,160,165,167.5,305,320,-327.5,320,,,,
10,52,Open,Barbara Gapp,1981,51.7,Austria,65,357.5,SBD,Raw,F,World Classic Powerlifting Championships,2022-06-06,-117.5,117.5,-125,117.5,65,-67.5,-67.5,175,-187.5,,175,,,,
5,63,Open,Pantea Supanetz,1990,62.35,Austria,110,472.5,SBD,Raw,F,World Classic Powerlifting Championships,2022-06-06,162.5,167.5,172.5,172.5,105,110,-112.5,190,-197.5,-197.5,190,,,,
9,69,Open,Raphaela Jungmann,1987,68.1,Austria,100,467.5,SBD,Raw,F,World Classic Powerlifting Championships,2022-06-06,167.5,175,-182.5,175,100,-105,-105,185,192.5,-202.5,192.5,,,,
3,52,Open,Catherine Lekić,1982,51.33,Austria,,125,D,Raw,F,Arnold Classic Europe,2018-09-28,,,,,,,,115,125,-140,125,,,,
3,63,Masters 2,Ingrid Walter,1970,58.05,Austria,67.5,67.5,B,Raw,F,European Bench Press Championships,2025-09-22,,,,,62.5,67.5,-70,,,,,,,,
1,84,Masters 2,Jana Kroiss,1975,79.65,Austria,92.5,92.5,B,Raw,F,European Bench Press Championships,2025-09-22,,,,,87.5,90,92.5,,,,,,,,
3,69,Open,Pantea Supanetz,1990,67.35,Austria,112.5,112.5,B,Raw,F,European Bench Press Championships,2025-09-22,,,,,105,110,112.5,,,,,,,,
1,52,Open,Jelena Bijelic,1992,51.95,Austria,97.5,97.5,B,Raw,F,European Bench Press Championships,2025-09-22,,,,,92.5,95,97.5,,,,,,,,
1,120+,Masters 3,Siegfried Steinmeir,1964,132.45,Austria,200.5,200.5,B,Raw,M,European Bench Press Championships,2025-09-22,,,,,190,-200.5,200.5,,,,,,,,
4,83,Open,Jürgen Kraushofer,1993,81.95,Austria,207.5,207.5,B,Raw,M,European Bench Press Championships,2025-09-22,,,,,200,207.5,-210,,,,,,,,
4,93,Open,Lukas Kreuzer,1999,92.3,Austria,217.5,217.5,B,Raw,M,European Bench Press Championships,2025-09-22,,,,,195,205,217.5,,,,,,,,
6,93,Open,Matthias David Pitscheider,2001,90.15,Austria,207.5,207.5,B,Raw,M,European Bench Press Championships,2025-09-22,,,,,190,202.5,207.5,,,,,,,,
1,120+,Juniors,Phillip Nikolic,2004,146.15,Austria,225,225,B,Raw,M,European Bench Press Championships,2025-09-22,,,,,-202.5,207.5,225,,,,,,,,
2,93,Juniors,Jakob Grandl,2005,92.05,Austria,195,195,B,Raw,M,European Bench Press Championships,2025-09-22,,,,,185,192.5,195,,,,,,,,
2,74,Sub-Juniors,Niklas Hutterer,2007,72.8,Austria,167.5,167.5,B,Raw,M,European Bench Press Championships,2025-09-22,,,,,160,167.5,-172.5,,,,,,,,
1,105,Masters 1,Christian Klotz,1977,101.89,Austria,210,210,B,Raw,M,European Classic Bench Press Championships,2019-08-07,,,,,200,205,210,,,,,,,,
2,105,Masters 4,Franz Mracek,1947,101.9,Austria,122.5,122.5,B,Raw,M,European Classic Bench Press Championships,2019-08-07,,,,,122.5,-125,-130,,,,,,,,
8,83,Open,Jürgen Kraushofer,1993,80.19,Austria,180,180,B,Raw,M,European Classic Bench Press Championships,2019-08-07,,,,,175,180,-185,,,,,,,,
7,120,Open,Markus Karner,1970,118.89,Austria,220,220,B,Raw,M,European Classic Bench Press Championships,2019-08-07,,,,,215,220,-227.5,,,,,,,,
5,63,Open,Martina Lang,1988,62.16,Austria,100,100,B,Raw,F,European Classic Bench Press Championships,2019-08-07,,,,,90,95,100,,,,,,,,
7,72,Open,Pantea Supanetz,1990,71.86,Austria,102.5,102.5,B,Raw,F,European Classic Bench Press Championships,2019-08-07,,,,,102.5,-107.5,-107.5,,,,,,,,
9,76,Sub-Juniors,Logina Elghanam,2006,72.28,Austria,75,362.5,SBD,Raw,F,European Classic Sub-junior and Junior Powerlifting Championships,2024-10-05,122.5,130,132.5,132.5,70,72.5,75,145,155,-165,155,,,,
3,83,Masters 1,Matthias Keppler,1981,82.57,Austria,157.5,617.5,SBD,Raw,M,European Masters Powerlifting Championships,2021-07-07,190,205,212.5,212.5,152.5,157.5,,215,235,247.5,247.5,,,,
1,105,Masters 1,Rene Brunner,1976,104.29,Austria,185,780,SBD,Raw,M,European Masters Powerlifting Championships,2021-07-07,290,310,-328,310,180,185,-190,270,285,-292.5,285,,,,
DQ,105,Masters 1,Christian Klotz,1977,104.53,Austria,202.5,,SBD,Raw,M,European Masters Powerlifting Championships,2021-07-07,235,245,255,255,190,202.5,-207.5,-255,,,,,,,
2,93,Masters 2,Michael Musil,1971,91.44,Austria,165,685,SBD,Raw,M,European Masters Powerlifting Championships,2021-07-07,-230,-230,230,230,155,160,165,270,290,-305,290,,,,
6,105,Masters 2,Franz Huemer,1963,100.44,Austria,155,545,SBD,Raw,M,European Masters Powerlifting Championships,2021-07-07,-180,180,-185,180,150,155,-157.5,200,210,-220,210,,,,
2,83,Masters 3,Wolfgang Reitter,1959,80.68,Austria,102.5,417.5,SBD,Raw,M,European Masters Powerlifting Championships,2021-07-07,-135,135,150,150,92.5,97.5,102.5,140,155,165,165,,,,
2,84,Masters 2,Sabine Zangerle,1971,82.83,Austria,72.5,317.5,SBD,Raw,F,European Masters Powerlifting Championships,2021-07-07,125,130,-135,130,67.5,72.5,-75,115,,,115,,,,
2,120,Open,Ludwig Bachner,1998,112.85,Austria,182.5,792.5,SBD,Raw,M,Western European Powerlifting Championships,2022-09-09,270,-290,290,290,175,182.5,-187.5,300,-320,320,320,,AUT,,
9,63,Open,Mira Khamis,1999,59.72,Austria,65,330,SBD,Raw,F,Western European Powerlifting Championships,2022-09-09,110,120,-127.5,120,60,-65,65,145,-155,-160,145,,AUT,,
6,69,Open,Kornelia Brunnhofer,2000,68.18,Austria,70,382.5,SBD,Raw,F,Western European Powerlifting Championships,2022-09-09,117.5,127.5,135,135,60,65,70,165,177.5,-192.5,177.5,,AUT,,
16,83,Open,Daniel Iporre Castro,1990,81.9,Austria,150,607.5,SBD,Raw,M,European Classic Powerlifting Championships,2018-11-24,205,212.5,217.5,217.5,135,142.5,150,220,240,-250,240,,,,
13,93,Open,Alexander Taschner,1989,92.2,Austria,167.5,680,SBD,Raw,M,European Classic Powerlifting Championships,2018-11-24,215,-230,230,230,155,160,167.5,270,282.5,-292.5,282.5,,,,
12,120,Open,Michael Leitner,1994,118.3,Austria,187.5,810,SBD,Raw,M,European Classic Powerlifting Championships,2018-11-24,-260,272.5,287.5,287.5,172.5,180,187.5,295,315,335,335,,,,
7,74,Juniors,Klaus Kaufmann,1996,72.75,Austria,140,610,SBD,Raw,M,European Classic Powerlifting Championships,2018-11-24,200,212.5,220,220,125,132.5,140,-235,235,250,250,,,,
8,83,Juniors,René Hofer,1997,82.9,Austria,132.5,657.5,SBD,Raw,M,European Classic Powerlifting Championships,2018-11-24,245,255,-260,255,132.5,-140,-140,270,-282.5,-292.5,270,,,,
11,93,Juniors,Paul Egger,1998,90.65,Austria,135,667.5,SBD,Raw,M,European Classic Powerlifting Championships,2018-11-24,227.5,240,252.5,252.5,125,130,135,265,-280,280,280,,,,
9,105,Juniors,Ludwig Bachner,1998,103.95,Austria,170,730,SBD,Raw,M,European Classic Powerlifting Championships,2018-11-24,260,270,-285,270,155,165,170,270,290,-300,290,,,,
9,120,Juniors,Christian Raunikar,1996,119,Austria,167.5,747.5,SBD,Raw,M,European Classic Powerlifting Championships,2018-11-24,257.5,-275,280,280,155,162.5,167.5,275,290,300,300,,,,
10,52,Open,Barbara Gapp,1981,51.2,Austria,57.5,327.5,SBD,Raw,F,European Classic Powerlifting Championships,2018-11-24,90,95,100,100,55,57.5,-60,165,170,-196,170,,,,
DQ,57,Open,Martina Lang,1988,57,Austria,80,,SBD,Raw,F,European Classic Powerlifting Championships,2018-11-24,-125,-125,-125,,-80,80,-90,125,130,-135,130,,,,
14,63,Open,Ruth Viehauser,1988,62.35,Austria,75,362.5,SBD,Raw,F,European Classic Powerlifting Championships,2018-11-24,122.5,127.5,132.5,132.5,67.5,72.5,75,145,-155,155,155,,,,
8,72,Open,Pantea Supanetz,1990,69.4,Austria,100,437.5,SBD,Raw,F,European Classic Powerlifting Championships,2018-11-24,160,167.5,-172.5,167.5,90,95,100,160,170,-175,170,,,,
2,66,Open,Joel Christopher Catena,1996,65.45,Austria,160,652.5,SBD,Raw,M,European Open Classic Powerlifting Championships,2026-03-15,220,232.5,237.5,237.5,155,160,-162.5,235,250,255,255,,,,
13,93,Open,René Hofer,1997,92.7,Austria,175,755,SBD,Raw,M,European Open Classic Powerlifting Championships,2026-03-15,262.5,275,282.5,282.5,165,172.5,175,297.5,-315,-330,297.5,,,,
7,66,Open,Bazil Nicola,1998,65,Austria,132.5,595,SBD,Raw,M,European Open Classic Powerlifting Championships,2026-03-15,207.5,-217.5,-217.5,207.5,-125,125,132.5,240,255,-265,255,,,,
4,52,Open,Jelena Bijelic,1992,51.95,Austria,100,420,SBD,Raw,F,European Open Classic Powerlifting Championships,2026-03-15,137.5,142.5,-147.5,142.5,95,97.5,100,165,172.5,177.5,177.5,,,,
2,105,Masters 1,Rene Brunner,1976,104.5,Austria,190,800,SBD,Raw,M,European Masters Classic Powerlifting Championships,2023-02-28,290,312.5,320,320,185,190,-195,270,290,-292.5,290,,,,
3,105,Masters 1,Christian Klotz,1977,104.04,Austria,205,740,SBD,Raw,M,European Masters Classic Powerlifting Championships,2023-02-28,240,255,265,265,195,205,-212.5,245,260,270,270,,,,
13,120,Masters 1,Markus Steiner,1978,117.78,Austria,130,607.5,SBD,Raw,M,European Masters Classic Powerlifting Championships,2023-02-28,-215,215,-230,215,115,125,130,240,255,262.5,262.5,,,,
3,83,Masters 2,Michael Wegerer,1970,82.9,Austria,158.5,566,SBD,Raw,M,European Masters Classic Powerlifting Championships,2023-02-28,160,175,185,185,145,152.5,158.5,202.5,222.5,-227.5,222.5,,,,
DQ,105,Masters 3,Franz Huemer,1963,103.6,Austria,157.5,,SBD,Raw,M,European Masters Classic Powerlifting Championships,2023-02-28,185,192.5,-197.5,192.5,157.5,-162.5,-162.5,-225,-225,-225,-225,,,,
9,120+,Open,Christoph Würflinger,1988,163.35,Austria,210,860,SBD,Raw,M,European Open Classic Powerlifting Championships,2023-12-04,280,295,305,305,195,205,210,300,325,345,345,,,,
11,120,Open,Michael Leitner,1994,116.14,Austria,195,825,SBD,Raw,M,European Open Classic Powerlifting Championships,2023-12-04,280,290,-295,290,180,190,195,310,325,340,340,,,,
2,66,Open,Joel Christopher Catena,1996,65.45,Austria,147.5,620,SBD,Raw,M,European Open Classic Powerlifting Championships,2023-12-04,207.5,217.5,225,225,147.5,-152.5,-152.5,230,242.5,247.5,247.5,,,,
12,83,Open,Lukas Kreuzer,1999,82.56,Austria,185,692.5,SBD,Raw,M,European Open Classic Powerlifting Championships,2023-12-04,-242.5,242.5,-250,242.5,185,-190,-190,-245,245,265,265,,,,
15,57,Open,Barbara Gapp,1981,56.46,Austria,72.5,397.5,SBD,Raw,F,European Open Classic Powerlifting Championships,2023-12-04,120,125,-130,125,70,72.5,-75,185,195,200,200,,,,
2,63,Open,Pantea Supanetz,1990,62.9,Austria,110,470,SBD,Raw,F,European Open Classic Powerlifting Championships,2023-12-04,-160,160,165,165,105,107.5,110,187.5,195,-202.5,195,,,,
4,52,Open,Jelena Bijelic,1992,51.84,Austria,85,387.5,SBD,Raw,F,European Open Classic Powerlifting Championships,2023-12-04,125,130,-135,130,-85,85,-90,167.5,172.5,-175,172.5,,,,
9,76,Open,Christina Eggel,1993,74.49,Austria,97.5,505,SBD,Raw,F,European Open Classic Powerlifting Championships,2023-12-04,172.5,182.5,187.5,187.5,92.5,97.5,-100,200,212.5,220,220,,,,
4,84,Open,Bianca Sullivan,1986,83.09,Austria,120,120,B,Raw,F,European Bench Press Championships,2023-07-31,,,,,115,120,-125,,,,,,,,
3,69,Open,Raphaela Jungmann,1987,68.19,Austria,107.5,107.5,B,Raw,F,European Bench Press Championships,2023-07-31,,,,,102.5,107.5,-112.5,,,,,,,,
2,83,Masters 2,Michael Wegerer,1970,82.86,Austria,152.5,152.5,B,Raw,M,European Bench Press Championships,2023-07-31,,,,,147.5,152.5,-165,,,,,,,,
1,83,Sub-Juniors,Jakob Grandl,2005,82.28,Austria,172.5,172.5,B,Raw,M,European Bench Press Championships,2023-07-31,,,,,155,165,172.5,,,,,,,,
6,83,Masters 2,Michael Wegerer,1970,82.68,Austria,145,562.5,SBD,Raw,M,European Masters Classic Powerlifting Championships,2026-02-08,175,190,-197.5,190,-145,145,-147.5,210,227.5,-240,227.5,,,,
10,105,Open,Rene Brunner,1976,102.25,Austria,190,745,SBD,Raw,M,European Classic Powerlifting Championships,2016-03-05,270,282.5,285,285,180,185,190,260,270,-275,270,,,,
12,105,Open,Christian Klotz,1977,97.8,Austria,200,690,SBD,Raw,M,European Classic Powerlifting Championships,2016-03-05,215,222.5,230,230,200,-207.5,-207.5,240,255,260,260,,,,
5,120,Open,Michael Schrems,1984,118.6,Austria,215,775,SBD,Raw,M,European Classic Powerlifting Championships,2016-03-05,265,280,-285,280,205,212.5,215,-280,280,-295,280,,,,
9,120,Open,Alexander Pürzel,1983,118.05,Austria,150,652.5,SBD,Raw,M,European Classic Powerlifting Championships,2016-03-05,175,,,175,150,,,320,327.5,-342.5,327.5,,,,
4,120,Sub-Juniors,Marco Lang,1998,105.35,Austria,100,505,SBD,Raw,M,European Classic Powerlifting Championships,2016-03-05,180,190,-202.5,190,95,100,-105,200,215,-222.5,215,,,,
15,74,Juniors,Marvin Ziegler,1993,72.25,Austria,115,477.5,SBD,Raw,M,European Classic Powerlifting Championships,2016-03-05,170,172.5,-180,172.5,115,-120,-120,190,-200,-200,190,,,,
8,63,Open,Lara Lichtnecker,1992,61.6,Austria,80,370,SBD,Raw,F,European Classic Powerlifting Championships,2016-03-05,127.5,-135,-135,127.5,70,75,80,150,162.5,-167.5,162.5,,,,
12,63,Open,Ariane Schmelzenbart,1990,62.1,Austria,72.5,325,SBD,Raw,F,European Classic Powerlifting Championships,2016-03-05,110,-115,115,115,65,70,72.5,125,130,137.5,137.5,,,,
2,57,Sub-Juniors,Dakota Reich,1998,55.3,Austria,60,285,SBD,Raw,F,European Classic Powerlifting Championships,2016-03-05,85,-95,-95,85,55,60,-65,120,130,140,140,,,,
7,84,Juniors,Alexandra Lutsch,1994,75.55,Austria,65,307.5,SBD,Raw,F,European Classic Powerlifting Championships,2016-03-05,105,-115,-115,105,60,65,-67.5,125,132.5,137.5,137.5,,,,
5,83,Masters 2,Michael Wegerer,1970,82.68,Austria,155,562.5,SBD,Raw,M,European Masters Classic Powerlifting Championships,2024-02-12,160,180,-185,180,147.5,152.5,155,210,227.5,-242.5,227.5,,,,
2,105,Masters 1,Christian Klotz,1977,104.34,Austria,207.5,750,SBD,Raw,M,European Masters Classic Powerlifting Championships,2024-02-12,250,265,272.5,272.5,200,207.5,-212.5,250,270,-282.5,270,,,,
5,84+,Masters 2,Dagmar Mimra,1973,97.5,Austria,80,380,SBD,Raw,F,European Masters Classic Powerlifting Championships,2024-02-12,132.5,140,142.5,142.5,75,80,-85,147.5,157.5,-167.5,157.5,,,,
6,84,Open,Bianca Sullivan,1986,83.69,Austria,117.5,502.5,SBD,Raw,F,European Open Classic Powerlifting Championships,2024-03-12,172.5,180,185,185,112.5,117.5,-120,190,200,-217.5,200,,,,
6,69,Open,Raphaela Jungmann,1987,68.05,Austria,107.5,485,SBD,Raw,F,European Open Classic Powerlifting Championships,2024-03-12,172.5,180,185,185,107.5,-112.5,-112.5,192.5,-200,-202.5,192.5,,,,
3,52,Open,Jelena Bijelic,1992,51.2,Austria,95,405,SBD,Raw,F,European Open Classic Powerlifting Championships,2024-03-12,125,130,135,135,85,90,95,165,172.5,175,175,,,,
4,84+,Open,Stefanie Gierlinger,1994,126.51,Austria,117.5,550,SBD,Raw,F,European Open Classic Powerlifting Championships,2024-03-12,195,205,210,210,107.5,115,117.5,200,215,222.5,222.5,,,,
4,93,Open,Thomas Jost #1,1992,92.42,Austria,195,787.5,SBD,Raw,M,European Open Classic Powerlifting Championships,2024-03-12,260,275,280,280,180,190,195,285,302.5,312.5,312.5,,,,
4,66,Open,Joel Christopher Catena,1996,65.4,Austria,155,625,SBD,Raw,M,European Open Classic Powerlifting Championships,2024-03-12,212.5,225,-230,225,145,150,155,232.5,245,-255,245,,,,
3,120,Open,Michael Schrems,1984,119.58,Austria,220,800,SBD,Raw,M,Western European Championships,2017-09-14,255,272.5,282.5,282.5,195,212.5,220,255,277.5,297.5,297.5,,,,
4,57,Open,Frida Ulfves,1990,54.15,Sweden,72.5,335,SBD,Raw,F,Western European Championships,2017-09-14,110,-115,117.5,117.5,70,-72.5,72.5,135,145,-155,145,,,,
3,120,Open,Markus Karner,1970,118.65,Austria,232.5,232.5,B,Raw,M,European Classic Bench Press Championships,2017-08-10,,,,,225,232.5,-240,,,,,,,,
2,120+,Open,Christian Wackernell,1980,187.46,Austria,270,270,B,Raw,M,European Classic Bench Press Championships,2017-08-10,,,,,270,-285,-285,,,,,,,,
3,83,Juniors,Lukas Kreuzer,1999,82.2,Austria,185,185,B,Raw,M,European Bench Press Championships,2022-08-02,,,,,170,177.5,185,,,,,,,,
2,105,Masters 1,Christian Klotz,1977,102.7,Austria,197.5,197.5,B,Raw,M,European Bench Press Championships,2022-08-02,,,,,192.5,197.5,-207.5,,,,,,,,
9,69,Masters 2,Andrea Thurner,1966,65.85,Austria,60,60,B,Raw,F,European Bench Press Championships,2022-08-02,,,,,55,60,-62.5,,,,,,,,
2,83,Masters 2,Michael Wegerer,1970,82.3,Austria,155,155,B,Raw,M,European Bench Press Championships,2022-08-02,,,,,150,155,-162.5,,,,,,,,
3,105,Masters 2,Franz Huemer,1963,103.05,Austria,160,160,B,Raw,M,European Bench Press Championships,2022-08-02,,,,,155,160,-165,,,,,,,,
3,120,Masters 3,Josef Schnaderbek,1959,118.95,Austria,155,155,B,Raw,M,European Bench Press Championships,2022-08-02,,,,,145,155,-165,,,,,,,,
2,120,Masters 4,Franz Mracek,1947,109.85,Austria,100,100,B,Raw,M,European Bench Press Championships,2022-08-02,,,,,100,-115,-120,,,,,,,,
1,63,Open,Anja Adelmann,1998,62.15,Austria,112.5,112.5,B,Raw,F,European Bench Press Championships,2022-08-02,,,,,102.5,107.5,112.5,,,,,,,,
4,63,Open,Pantea Supanetz,1990,62.75,Austria,110,110,B,Raw,F,European Bench Press Championships,2022-08-02,,,,,105,110,-115,,,,,,,,
3,83,Open,Jürgen Kraushofer,1993,81.7,Austria,202.5,202.5,B,Raw,M,European Bench Press Championships,2022-08-02,,,,,195,202.5,-210,,,,,,,,
6,120,Open,Lukas Skrib,1994,109.8,Slovakia,205,205,B,Raw,M,European Bench Press Championships,2022-08-02,,,,,-205,205,-217.5,,,,,,,,
12,93,Open,Christian Klotz,1977,91.2,Austria,187.5,647.5,SBD,Raw,M,1st European Men's Classic Championships,2015-03-21,195,205,212.5,212.5,180,187.5,-192.5,220,235,247.5,247.5,,,,
DQ,93,Open,Michael Musil,1971,91.3,Austria,,,SBD,Raw,M,1st European Men's Classic Championships,2015-03-21,-220,-225,-230,,,,,,,,,,,,
5,120,Open,Michael Schrems,1984,115.34,Austria,205,775,SBD,Raw,M,1st European Men's Classic Championships,2015-03-21,265,-272.5,272.5,272.5,195,202.5,205,272.5,297.5,-300,297.5,,,,
6,120,Open,Gernot Kasparek,1975,118.22,Austria,227.5,775,SBD,Raw,M,1st European Men's Classic Championships,2015-03-21,245,255,272.5,272.5,215,222.5,227.5,265,275,-285,275,,,,
11,120+,Open,Alexander Pürzel,1983,121.44,Austria,187.5,765,SBD,Raw,M,1st European Men's Classic Championships,2015-03-21,250,260,-270,260,175,182.5,187.5,302.5,317.5,,317.5,,,,
3,66,Sub-Juniors,Nikolas Gliebe,1997,65.08,Austria,110,482.5,SBD,Raw,M,1st European Men's Classic Championships,2015-03-21,172.5,182.5,-187.5,182.5,102.5,110,-112.5,180,190,-197.5,190,,,,
11,74,Juniors,Marvin Ziegler,1993,72,Austria,107.5,460,SBD,Raw,M,1st European Men's Classic Championships,2015-03-21,165,-170,-172.5,165,100,105,107.5,180,185,187.5,187.5,,,,
3,105,Masters 4,Helmut Baumhackl,1954,93.92,Austria,60,247.5,SBD,Raw,M,European Masters Classic Powerlifting Championships,2025-02-09,60,75,80,80,50,60,-67.5,90,100,107.5,107.5,,,,
4,83,Masters 2,Michael Wegerer,1970,82.65,Austria,152.5,572.5,SBD,Raw,M,European Masters Classic Powerlifting Championships,2025-02-09,-170,175,185,185,147.5,-152.5,152.5,210,225,235,235,,,,
10,74,Masters 1,Rene Lieb,1978,73.54,Austria,132.5,560,SBD,Raw,M,European Masters Classic Powerlifting Championships,2025-02-09,195,-202.5,202.5,202.5,127.5,132.5,-135,200,215,225,225,,,,
11,74,Masters 1,Johannes Schober,1985,73.02,Austria,127.5,557.5,SBD,Raw,M,European Masters Classic Powerlifting Championships,2025-02-09,185,195,-205,195,120,127.5,-130,225,235,-240,235,,,,
5,84+,Masters 2,Dagmar Mimra,1973,99.35,Austria,80,400,SBD,Raw,F,European Masters Classic Powerlifting Championships,2025-02-09,137.5,145,150,150,-80,80,-85,150,160,170,170,,,,
14,74,Open,Sven Sigrist,1988,72.76,Switzerland,135,595,SBD,Raw,M,European Classic Powerlifting Championships,2017-03-12,190,205,-210,205,122.5,130,135,230,245,255,255,,,,
15,93,Open,Alexander Taschner,1989,92.76,Austria,150,640,SBD,Raw,M,European Classic Powerlifting Championships,2017-03-12,210,220,-225,220,140,150,-155,250,265,270,270,,,,
10,105,Open,Rene Brunner,1976,104.02,Austria,180,720,SBD,Raw,M,European Classic Powerlifting Championships,2017-03-12,-280,280,-292.5,280,180,-190,-190,260,-270,,260,,,,
7,120,Open,Michael Schrems,1984,118.98,Austria,217.5,795,SBD,Raw,M,European Classic Powerlifting Championships,2017-03-12,272.5,-282.5,282.5,282.5,210,217.5,-222.5,272.5,285,295,295,,,,
11,120,Open,Alexander Pürzel,1983,118.72,Austria,150,730,SBD,Raw,M,European Classic Powerlifting Championships,2017-03-12,250,,,250,150,,,310,330,-340,330,,,,
15,83,Juniors,Matjaz Smrtnik,1996,81.02,Austria,125,532.5,SBD,Raw,M,European Classic Powerlifting Championships,2017-03-12,180,190,200,200,117.5,125,-130,200,207.5,-212.5,207.5,,,,
9,93,Juniors,Matthias Wallner,1994,92.38,Austria,175,682.5,SBD,Raw,M,European Classic Powerlifting Championships,2017-03-12,225,240,-245,240,167.5,175,-180,235,252.5,267.5,267.5,,,,
9,105,Juniors,Lucas Hügerich,1994,102.08,Germany,167.5,707.5,SBD,Raw,M,European Classic Powerlifting Championships,2017-03-12,250,265,272.5,272.5,162.5,167.5,-170,245,257.5,267.5,267.5,,,,
6,63,Juniors,Dakota Reich,1998,60.48,Austria,70,345,SBD,Raw,F,European Classic Powerlifting Championships,2017-03-12,100,110,115,115,65,-70,70,140,150,160,160,,,,
11,72,Juniors,Alexandra Lutsch,1994,71.12,Austria,65,335,SBD,Raw,F,European Classic Powerlifting Championships,2017-03-12,115,120,-125,120,60,65,-67.5,140,150,-155,150,,,,
6,93,Sub-Juniors,Dominik Fischer #2,2003,92,Austria,155,625,SBD,Raw,M,European Classic Powerlifting Championships,2021-12-03,190,205,215,215,-145,147.5,155,235,-255,255,255,,,,
4,93,Juniors,Paul Egger,1998,91.7,Austria,150,740,SBD,Raw,M,European Classic Powerlifting Championships,2021-12-03,250,265,272.5,272.5,145,150,-152.5,305,317.5,-337.5,317.5,,,,
6,120,Juniors,Ludwig Bachner,1998,114.55,Austria,180,782.5,SBD,Raw,M,European Classic Powerlifting Championships,2021-12-03,-270,275,297.5,297.5,170,175,180,305,-325,-325,305,,,,
2,63,Open,Pantea Supanetz,1990,62.6,Austria,105,472.5,SBD,Raw,F,European Classic Powerlifting Championships,2021-12-03,165,172.5,-177.5,172.5,102.5,105,-107.5,180,190,195,195,,,,
4,69,Open,Raphaela Jungmann,1987,68.3,Austria,102.5,462.5,SBD,Raw,F,European Classic Powerlifting Championships,2021-12-03,160,167.5,-175,167.5,92.5,97.5,102.5,180,187.5,192.5,192.5,,,,
3,57,Juniors,Anja Adelmann,1998,56,Austria,102.5,402.5,SBD,Raw,F,European Classic Powerlifting Championships,2021-12-03,135,140,-142.5,140,97.5,-102.5,102.5,147.5,155,160,160,,,,
5,66,Juniors,Alain Jost,1997,63.7,Switzerland,132.5,560,SBD,Raw,M,European Classic Powerlifting Championships,2019-11-29,177.5,185,190,190.0,125,130,132.5,-227.5,227.5,237.5,237.5,,,,
5,93,Juniors,René Hofer,1997,91.6,Austria,152.5,752.5,SBD,Raw,M,European Classic Powerlifting Championships,2019-11-29,260,272.5,282.5,282.5,147.5,152.5,-157.5,300,317.5,-330,317.5,,,,
9,93,Juniors,Paul Egger,1998,92,Austria,140.0,720,SBD,Raw,M,European Classic Powerlifting Championships,2019-11-29,242.5,255,265,265.0,135,140,-145,285,302.5,315,315.0,,,,
15,93,Open,Alexander Taschner,1989,92.1,Austria,160.0,680,SBD,Raw,M,European Classic Powerlifting Championships,2019-11-29,215,225,235,235.0,160,-165,-165,275,285,-292.5,285.0,,,,
16,93,Open,Philip Eigl,1992,90.1,Austria,142.5,660,SBD,Raw,M,European Classic Powerlifting Championships,2019-11-29,230,240,-247.5,240.0,137.5,142.5,-150,265,277.5,-287.5,277.5,,,,
10,63,Juniors,Sophia Pilwax,1999,61.4,Austria,80.0,367.5,SBD,Raw,F,European Classic Powerlifting Championships,2019-11-29,127.5,135,140,140.0,72.5,77.5,80,140,147.5,-152.5,147.5,,,,
5,52,Open,Barbara Gapp,1981,51.9,Austria,62.5,370,SBD,Raw,F,European Classic Powerlifting Championships,2019-11-29,107.5,115,120,120.0,60,62.5,-65,175,182.5,187.5,187.5,,,,
15,63,Open,Raphaela Jungmann,1987,62.2,Austria,85.0,395,SBD,Raw,F,European Classic Powerlifting Championships,2019-11-29,145,-152.5,-152.5,145.0,77.5,82.5,85,-165,-165,165,165.0,,,,
17,63,Open,Martina Lang,1988,61.55,Austria,97.5,385,SBD,Raw,F,European Classic Powerlifting Championships,2019-11-29,117.5,127.5,135,135.0,92.5,-97.5,97.5,135,145,152.5,152.5,,,,
12,69,Juniors,Kornelia Brunnhofer,2000,66.8,Austria,77.5,417.5,SBD,Raw,F,European Junior and Sub-Junior Classic Powerlifting Championships,2023-10-10,132.5,142.5,150,150,-72.5,72.5,77.5,175,-190,190,190,,,,
10,76,Juniors,Daniela Leitner,2002,75.2,Austria,85,415,SBD,Raw,F,European Junior and Sub-Junior Classic Powerlifting Championships,2023-10-10,140,147.5,155,155,75,80,85,175,-185,-185,175,,,,
14,120,Juniors,Marvin Kager,2002,119.06,Austria,180,722.5,SBD,Raw,M,European Junior and Sub-Junior Classic Powerlifting Championships,2023-10-10,225,-237.5,240,240,172.5,180,-185,270,292.5,302.5,302.5,,,,
11,83,Juniors,Raffael Schnell,2002,82.66,Austria,175,692.5,SBD,Raw,M,European Junior and Sub-Junior Classic Powerlifting Championships,2023-10-10,235,242.5,-250,242.5,165,172.5,175,260,275,-285,275,,,,
1,105,Sub-Juniors,Hamza Demir,2005,104.78,Austria,207.5,817.5,SBD,Raw,M,European Junior and Sub-Junior Classic Powerlifting Championships,2023-10-10,290,-311.5,-311.5,290,195,207.5,-214.5,320,-345,-345,320,,,,
12,93,Open,Thomas Jost #1,1992,92.96,Austria,192.5,782.5,SBD,Raw,M,European Open Classic Powerlifting Championship,2025-03-18,-255,265,277.5,277.5,182.5,192.5,-197.5,285,300,312.5,312.5,,,,
2,66,Open,Joel Christopher Catena,1996,65.22,Austria,160,655,SBD,Raw,M,European Open Classic Powerlifting Championship,2025-03-18,220,232.5,240,240,152.5,157.5,160,235,247.5,255,255,,,,
12,74,Open,Alain Jost,1997,73.8,Switzerland,155,650,SBD,Raw,M,European Open Classic Powerlifting Championship,2025-03-18,195,210,225,225,145,152.5,155,225,250,270,270,,,,
12,69,Open,Raphaela Jungmann,1987,68.38,Austria,107.5,487.5,SBD,Raw,F,European Open Classic Powerlifting Championship,2025-03-18,175,182.5,-187.5,182.5,102.5,107.5,-110,185,192.5,197.5,197.5,,,,
3,52,Open,Jelena Bijelic,1992,51.9,Austria,97.5,425,SBD,Raw,F,European Open Classic Powerlifting Championship,2025-03-18,135,142.5,147.5,147.5,92.5,97.5,-100,172.5,180,-187.5,180,,,,
13,63,Open,Tamara Mijatović,2001,62.82,Croatia,75,342.5,SBD,Raw,F,European Open Classic Powerlifting Championship,2025-03-18,117.5,125,-130,125,-75,75,-80,132.5,-142.5,142.5,142.5,,,,
11,63,Juniors,Laura Isabel Salazar Droege,2001,62.95,Austria,77.5,377.5,SBD,Raw,F,European Classic Powerlifting Championships,2022-11-25,120,127.5,-132.5,127.5,70,75,77.5,155,165,172.5,172.5,,,21,
15,63,Juniors,Mira Khamis,1999,60.14,Austria,65,340,SBD,Raw,F,European Classic Powerlifting Championships,2022-11-25,112.5,120,125,125,60,65,-67.5,140,150,-160,150,,,23,
10,69,Juniors,Sophia Pilwax,1999,66.46,Austria,95,445,SBD,Raw,F,European Classic Powerlifting Championships,2022-11-25,145,152.5,-160,152.5,90,95,-100,180,190,197.5,197.5,,,23,
19,69,Juniors,Kornelia Brunnhofer,2000,67.29,Austria,70,365,SBD,Raw,F,European Classic Powerlifting Championships,2022-11-25,122.5,130,-135,130,62.5,67.5,70,165,-180,-187.5,165,,,22,
9,57,Open,Barbara Gapp,1981,56.57,Austria,72.5,387.5,SBD,Raw,F,European Classic Powerlifting Championships,2022-11-25,-125,-125,125,125,65,70,72.5,182.5,190,-202.5,190,,,41,
4,69,Open,Raphaela Jungmann,1987,68.16,Austria,107.5,495,SBD,Raw,F,European Classic Powerlifting Championships,2022-11-25,-175,175,185,185,102.5,107.5,-112.5,195,202.5,-205,202.5,,,35,
15,105,Juniors,Vincent Moser,1999,103.25,Austria,180,732.5,SBD,Raw,M,European Classic Powerlifting Championships,2022-11-25,245,252.5,-260,252.5,170,177.5,180,-270,280,300,300,,,23,
17,120,Juniors,Marvin Kager,2002,116.98,Austria,165,620,SBD,Raw,M,European Classic Powerlifting Championships,2022-11-25,220,-235,235,235,155,160,165,220,,,220,,,20,
2,120+,Juniors,Alexander Renner,1999,151.54,Austria,227.5,880,SBD,Raw,M,European Classic Powerlifting Championships,2022-11-25,282.5,307.5,317.5,317.5,212.5,222.5,227.5,300,320,335,335,,,23,
3,66,Open,Joel Christopher Catena,1996,65.05,Austria,145,592.5,SBD,Raw,M,European Classic Powerlifting Championships,2022-11-25,195,205,-215,205,135,142.5,145,230,242.5,-250,242.5,,,26,
18,83,Open,Sven Sigrist,1988,81.75,Switzerland,152.5,650,SBD,Raw,M,European Classic Powerlifting Championships,2022-11-25,220,235,-245,235,140,145,152.5,240,255,262.5,262.5,,,34,
7,93,Open,René Hofer,1997,92.85,Austria,175,785,SBD,Raw,M,European Classic Powerlifting Championships,2022-11-25,272.5,285,290,290,162.5,170,175,305,320,-332.5,320,,,25,
8,93,Open,Thomas Jost #1,1992,92.31,Austria,185,777.5,SBD,Raw,M,European Classic Powerlifting Championships,2022-11-25,260,272.5,282.5,282.5,175,180,185,290,302.5,310,310,,,30,
13,105,Open,Paul Egger,1998,102.83,Austria,160,777.5,SBD,Raw,M,European Classic Powerlifting Championships,2022-11-25,260,275,285,285,150,157.5,160,300,320,332.5,332.5,,,24,
10,120,Open,Michael Leitner,1994,113.87,Austria,200,810,SBD,Raw,M,European Classic Powerlifting Championships,2022-11-25,270,285,-300,285,185,195,200,300,320,325,325,,,28,
1,105,Sub-Juniors,Hamza Demir,2005,103.58,Austria,185,775,SBD,Raw,M,European Classic Powerlifting Championships,2022-11-25,250,-265,270,270,170,180,185,290,310,320,320,,,17,
1,120+,Sub-Juniors,Phillip Nikolic,2004,134.58,Austria,182.5,747.5,SBD,Raw,M,European Classic Powerlifting Championships,2022-11-25,260,275,290,290,170,182.5,-185,245,265,275,275,,,18,
3,76,Juniors,Pauline Chiamaka Pelz,2003,74,Austria,95,95,B,Raw,F,European Equipped and Classic Bench Press Championships,2026-08-02,,,,,90,-95,95,,,,,,,,
2,57,Masters 2,Ingrid Walter,1970,54.95,Austria,70,70,B,Raw,F,European Equipped and Classic Bench Press Championships,2026-08-02,,,,,67.5,70,-72.5,,,,,,,,
1,84,Masters 2,Jana Kroiss,1975,81.4,Austria,100,100,B,Raw,F,European Equipped and Classic Bench Press Championships,2026-08-02,,,,,-97.5,100,-105,,,,,,,,
2,63,Open,Sonja Ruess,1998,62.15,Austria,112.5,112.5,B,Raw,F,European Equipped and Classic Bench Press Championships,2026-08-02,,,,,105,110,112.5,,,,,,,,
7,69,Open,Pantea Supanetz,1990,68.55,Austria,112.5,112.5,B,Raw,F,European Equipped and Classic Bench Press Championships,2026-08-02,,,,,105,-110,112.5,,,,,,,,
2,76,Open,Barbara Zbiral,1996,74.4,Austria,120,120,B,Raw,F,European Equipped and Classic Bench Press Championships,2026-08-02,,,,,112.5,117.5,120,,,,,,,,
2,83,Juniors,Niklas Hutterer,2007,82.1,Austria,192.5,192.5,B,Raw,M,European Equipped and Classic Bench Press Championships,2026-08-02,,,,,185,192.5,-202.5,,,,,,,,
1,93,Juniors,Jakob Grandl,2005,91.9,Austria,205,205,B,Raw,M,European Equipped and Classic Bench Press Championships,2026-08-02,,,,,192.5,202.5,205,,,,,,,,
9,93,Juniors,Oliwier Jahn,2007,92.4,Austria,177.5,177.5,B,Raw,M,European Equipped and Classic Bench Press Championships,2026-08-02,,,,,165,172.5,177.5,,,,,,,,
3,120,Juniors,Philipp Lehner,2003,118.7,Austria,205,205,B,Raw,M,European Equipped and Classic Bench Press Championships,2026-08-02,,,,,-195,197.5,205,,,,,,,,
7,93,Open,Lukas Kreuzer,1999,89.65,Austria,197.5,197.5,B,Raw,M,European Equipped and Classic Bench Press Championships,2026-08-02,,,,,185,197.5,-207.5,,,,,,,,
6,47,Open,Ilka Schwengl-Forsthuber,1965,46.59,Austria,85,297.5,SBD,Raw,F,1st European Women's Classic Championships,2015-03-21,95,-102.5,105,105,80,85,-87.5,100,107.5,-115,107.5,,,,
10,63,Open,Ariane Schmelzenbart,1990,61.13,Austria,65,310,SBD,Raw,F,1st European Women's Classic Championships,2015-03-21,100,107.5,112.5,112.5,60,65,-70,120,127.5,132.5,132.5,,,,
5,57,Juniors,Marlene Sabathy,1996,54.12,Austria,65,285,SBD,Raw,F,1st European Women's Classic Championships,2015-03-21,110,117.5,120,120,60,-65,65,100,-107.5,-112.5,100,,,,
3,66,Masters 1,Christian Wenka,1977,65.65,Austria,102.5,505,SBD,Raw,M,European Masters Classic Powerlifting Championships,2020-03-09,162.5,172.5,177.5,177.5,97.5,102.5,-105,205,215,225,225.0,,,,
6,83,Masters 1,Alfred Faller,1976,80.86,Austria,150.0,555,SBD,Raw,M,European Masters Classic Powerlifting Championships,2020-03-09,170,180,185,185.0,140,147.5,150,210,220,-230,220.0,,,,
1,105,Masters 1,Christian Klotz,1977,103.55,Austria,207.5,740,SBD,Raw,M,European Masters Classic Powerlifting Championships,2020-03-09,242.5,252.5,262.5,262.5,200,-207.5,207.5,250,260,270,270.0,,,,
5,57,Masters 1,Courtney Evors,1979,56.17,Germany,65.0,325,SBD,Raw,F,European Masters Classic Powerlifting Championships,2020-03-09,115,120,122.5,122.5,57.5,62.5,65,120,130,137.5,137.5,,,,
7,74,Open,Jürgen Kraushofer,1993,72.25,Austria,170,170,B,Raw,M,European Classic Bench Press Championships,2018-08-09,,,,,160,165,170,,,,,,,,
9,83,Open,Matthias Keppler,1981,82.37,Austria,157.5,157.5,B,Raw,M,European Classic Bench Press Championships,2018-08-09,,,,,157.5,-165,-165,,,,,,,,
7,93,Open,Christian Klotz,1977,92.18,Austria,192.5,192.5,B,Raw,M,European Classic Bench Press Championships,2018-08-09,,,,,185,192.5,-197.5,,,,,,,,
5,120,Open,Markus Karner,1970,118.89,Austria,222.5,222.5,B,Raw,M,European Classic Bench Press Championships,2018-08-09,,,,,217.5,222.5,-230,,,,,,,,
2,52,Juniors,Rosa Maria Viterbo,1996,50.76,Italy,80,80,B,Raw,F,European Classic Bench Press Championships,2018-08-09,,,,,77.5,80,-82.5,,,,,,,,
7,83,Juniors,Raffael Schnell,2002,82.4,Austria,190,745,SBD,Raw,M,European Juniors and Sub-Juniors Classic Championships,2025-11-28,235,242.5,247.5,247.5,180,187.5,190,270,290,307.5,307.5,,,,
7,120+,Juniors,Phillip Nikolic,2004,144.6,Austria,217.5,852.5,SBD,Raw,M,European Juniors and Sub-Juniors Classic Championships,2025-11-28,305,325,-327.5,325,205,217.5,-225,270,295,310,310,,,,
5,83,Masters 1,Christian Wenka,1977,81.05,Austria,122.5,557.5,SBD,Raw,M,European Masters Classic Powerlifting Championships,2018-03-06,175,185,190,190,112.5,117.5,122.5,225,237.5,245,245,,,,
3,93,Masters 1,Christian Klotz,1977,92.2,Austria,195,667.5,SBD,Raw,M,European Masters Classic Powerlifting Championships,2018-03-06,212.5,222.5,-227.5,222.5,188,195,-200.5,205,225,250,250,,,,
8,93,Masters 2,Wolfgang Reitter,1959,90.1,Austria,107.5,445,SBD,Raw,M,European Masters Classic Powerlifting Championships,2018-03-06,150,165,-170,165,100,107.5,-110,145,165,172.5,172.5,,,,
5,57,Open,Frida Ulfves,1990,55.69,Sweden,75,355,SBD,Raw,F,Western European Championships,2018-09-14,112.5,120,125,125,70,75,-77.5,145,155,-160,155,,,,
6,57,Masters 1,Courtney Evors,1979,56,Germany,60,305,SBD,Raw,F,European Masters Classic Championships,2019-03-05,105,110,-112.5,110,55,57.5,60,130,135,-137.5,135,,,,
1,63,Masters 3,Elisabeth Keiml,1959,59.8,Austria,67.5,327.5,SBD,Raw,F,European Masters Classic Championships,2019-03-05,107.5,115,-120.5,115,62.5,65,67.5,125,135,145,145,,,,
7,83,Masters 1,Alfred Faller,1976,81,Austria,150,575,SBD,Raw,M,European Masters Classic Championships,2019-03-05,175,187.5,-197.5,187.5,140,150,-152.5,210,230,237.5,237.5,,,,
5,93,Masters 1,Michael Musil,1971,91.2,Austria,150,667.5,SBD,Raw,M,European Masters Classic Championships,2019-03-05,210,227.5,237.5,237.5,150,-160,-165,260,280,-287.5,280,,,,
4,105,Masters 1,Christian Klotz,1977,100.1,Austria,210,730,SBD,Raw,M,European Masters Classic Championships,2019-03-05,230,242.5,250,250,201,205,210,245,260,270,270,,,,
2,120,Masters 1,Gernot Kasparek,1975,118.8,Austria,220.5,753,SBD,Raw,M,European Masters Classic Championships,2019-03-05,250,-262.5,262.5,262.5,212.5,220.5,-228.5,250,262.5,270,270,,,,
6,105,Masters 2,Franz Huemer,1963,101.7,Austria,135,510,SBD,Raw,M,European Masters Classic Championships,2019-03-05,170,175,-182.5,175,120,135,-142.5,200,-220,-220,200,,,,
4,83,Masters 3,Johannes Reiss,1959,80.8,Austria,100,442.5,SBD,Raw,M,European Masters Classic Championships,2019-03-05,142.5,150,157.5,157.5,90,95,100,172.5,180,185,185,,,,
7,93,Masters 3,Wolfgang Reitter,1959,89.3,Austria,105,452.5,SBD,Raw,M,European Masters Classic Championships,2019-03-05,147.5,160,167.5,167.5,100,105,-107.5,155,170,180,180,,,,
